Date,Close
2014-12-01,14625.29981
2014-12-02,14620.09961
2014-12-03,14754.09961
2014-12-04,14583.40039
2014-12-05,14473.7002
2014-12-08,14144.2002
2014-12-09,14195.7002
2014-12-10,13853
2014-12-11,13905.09961
2014-12-12,13731.09961
2014-12-15,13705.09961
2014-12-16,13861.5
2014-12-17,14213.90039
2014-12-18,14346.79981
2014-12-19,14468.29981
2014-12-22,14432.40039
2014-12-23,14594
2014-12-24,14609.29981
2014-12-29,14663.90039
2014-12-30,14640
2014-12-31,14632.40039
2015-01-02,14753.7002
2015-01-05,14392.7002
2015-01-06,14246.79981
2015-01-07,14285
2015-01-08,14457.7002
2015-01-09,14384.90039
2015-01-12,14265
2015-01-13,14187.2002
2015-01-14,14084.40039
2015-01-15,14041.79981
2015-01-16,14309.40039
2015-01-19,14312.5
2015-01-20,14308.40039
2015-01-21,14560.40039
2015-01-22,14764
2015-01-23,14779.40039
2015-01-26,14797.79981
2015-01-27,14833.90039
2015-01-28,14602.90039
2015-01-29,14637.29981
2015-01-30,14673.5
2015-02-02,14900.5
2015-02-03,15062.90039
2015-02-04,14995.7002
2015-02-05,15124.90039
2015-02-06,15083.90039
2015-02-09,15100.7002
2015-02-10,15112.5
2015-02-11,15151.5
2015-02-12,15228.5
2015-02-13,15264.79981
2015-02-17,15284.59961
2015-02-18,15212.79981
2015-02-19,15180.29981
2015-02-20,15172.2002
2015-02-23,15200.29981
2015-02-24,15165
2015-02-25,15228.59961
2015-02-26,15241.2002
2015-02-27,15234.29981
2015-03-02,15264.09961
2015-03-03,15133.90039
2015-03-04,15082.79981
2015-03-05,15103.09961
2015-03-06,14952.5
2015-03-09,14854.5
2015-03-10,14641.79981
2015-03-11,14739.2002
2015-03-12,14770.7002
2015-03-13,14731.5
2015-03-16,14862.79981
2015-03-17,14898.5
2015-03-18,14962.2002
2015-03-19,14873.90039
2015-03-20,14942.40039
2015-03-23,14957.2002
2015-03-24,15081.29981
2015-03-25,14929.40039
2015-03-26,14869.79981
2015-03-27,14812.40039
2015-03-30,14908.40039
2015-03-31,14902.40039
2015-04-01,14942.59961
2015-04-02,15026.59961
2015-04-06,15100.7002
2015-04-07,15188.79981
2015-04-08,15213.59961
2015-04-09,15326.29981
2015-04-10,15388.40039
2015-04-13,15383.59961
2015-04-14,15389.29981
2015-04-15,15450.90039
2015-04-16,15386.79981
2015-04-17,15360.59961
2015-04-20,15412.59961
2015-04-21,15346.40039
2015-04-22,15304.79981
2015-04-23,15392.40039
2015-04-24,15408.29981
2015-04-27,15344.09961
2015-04-28,15346.09961
2015-04-29,15347.29981
2015-04-30,15224.5
2015-05-01,15339.79981
2015-05-04,15367.5
2015-05-05,15173.90039
2015-05-06,15023.90039
2015-05-07,15088.79981
2015-05-08,15170
2015-05-11,15152.59961
2015-05-12,15043.2002
2015-05-13,14980.7002
2015-05-14,15028.09961
2015-05-15,15108.09961
2015-05-19,15121
2015-05-20,15072.79981
2015-05-21,15203.59961
2015-05-22,15200.79981
2015-05-25,15187.40039
2015-05-26,15050.79981
2015-05-27,15110.5
2015-05-28,15107
2015-05-29,15014.09961
2015-06-01,15074.09961
2015-06-02,15104.7002
2015-06-03,15154.7002
2015-06-04,15019.40039
2015-06-05,14957.2002
2015-06-08,14743.29981
2015-06-09,14817.7002
2015-06-10,14889
2015-06-11,14830.90039
2015-06-12,14741.2002
2015-06-15,14756.09961
2015-06-16,14753.09961
2015-06-17,14733
2015-06-18,14770.59961
2015-06-19,14653.09961
2015-06-22,14790.5
2015-06-23,14904.90039
2015-06-24,14947.5
2015-06-25,14897.5
2015-06-26,14808.09961
2015-06-29,14490.2002
2015-06-30,14553.29981
2015-07-02,14638
2015-07-03,14682.40039
2015-07-06,14593.59961
2015-07-07,14624.5
2015-07-08,14412.09961
2015-07-09,14278.5
2015-07-10,14411.09961
2015-07-13,14533.2002
2015-07-14,14599.40039
2015-07-15,14662.29981
2015-07-16,14731.09961
2015-07-17,14642.79981
2015-07-20,14425.59961
2015-07-21,14376.2002
2015-07-22,14307.09961
2015-07-23,14265.40039
2015-07-24,14186.2002
2015-07-27,14001.40039
2015-07-28,14077.40039
2015-07-29,14301.79981
2015-07-30,14382.79981
2015-07-31,14468.40039
2015-08-04,14491.09961
2015-08-05,14503
2015-08-06,14405.90039
2015-08-07,14302.7002
2015-08-10,14466.40039
2015-08-11,14414.7002
2015-08-12,14339.5
2015-08-13,14238.40039
2015-08-14,14277.90039
2015-08-17,14251.5
2015-08-18,14193.90039
2015-08-19,14036.59961
2015-08-20,13737
2015-08-21,13473.7002
2015-08-24,13052.7002
2015-08-25,13150.90039
2015-08-26,13381.59961
2015-08-27,13766.7002
2015-08-28,13865.09961
2015-08-31,13859.09961
2015-09-01,13481.90039
2015-09-02,13545.29981
2015-09-03,13596.40039
2015-09-04,13478.29981
2015-09-08,13630.7002
2015-09-09,13531.90039
2015-09-10,13569.90039
2015-09-11,13461.5
2015-09-14,13353.29981
2015-09-15,13462.7002
2015-09-16,13763.79981
2015-09-17,13787.2002
2015-09-18,13646.90039
2015-09-21,13779.40039
2015-09-22,13491.09961
2015-09-23,13383.7002
2015-09-24,13338.7002
2015-09-25,13378.59961
2015-09-28,13004.59961
2015-09-29,13037
2015-09-30,13307
2015-10-01,13241.90039
2015-10-02,13339.7002
2015-10-05,13552.2002
2015-10-06,13647.29981
2015-10-07,13868.40039
2015-10-08,13978.7002
2015-10-09,13964.40039
2015-10-13,13844.7002
2015-10-14,13875.29981
2015-10-15,13829
2015-10-16,13838.09961
2015-10-19,13758.40039
2015-10-20,13841.90039
2015-10-21,13704.2002
2015-10-22,13878.09961
2015-10-23,13953.7002
2015-10-26,13790.90039
2015-10-27,13699.59961
2015-10-28,13863.2002
2015-10-29,13791.90039
2015-10-30,13529.2002
2015-11-02,13623
2015-11-03,13710.29981
2015-11-04,13661.79981
2015-11-05,13558.79981
2015-11-06,13553.29981
2015-11-09,13482.59961
2015-11-10,13411.59961
2015-11-11,13341.90039
2015-11-12,13127.2002
2015-11-13,13075.40039
2015-11-16,13317.5
2015-11-17,13280.40039
2015-11-18,13400
2015-11-19,13473.79981
2015-11-20,13433.5
2015-11-23,13382.40039
2015-11-24,13407.79981
2015-11-25,13403.40039
2015-11-26,13425.2002
2015-11-27,13368.2002
2015-11-30,13469.79981
2015-12-01,13636.09961
2015-12-02,13463.79981
2015-12-03,13324.7002
2015-12-04,13358.79981
2015-12-07,13042.79981
2015-12-08,12922.5
2015-12-09,12937.59961
2015-12-10,13016.59961
2015-12-11,12790
2015-12-14,12695.5
2015-12-15,12919.59961
2015-12-16,13166.09961
2015-12-17,13009.90039
2015-12-18,13024.29981
2015-12-21,13034.40039
2015-12-22,13082.90039
2015-12-23,13284.90039
2015-12-24,13309.79981
2015-12-29,13245.79981
2015-12-30,13142.29981
2015-12-31,13010
2016-01-04,12927.2002
2016-01-05,12920.09961
2016-01-06,12726.79981
2016-01-07,12448.2002
2016-01-08,12445.5
2016-01-11,12319.29981
2016-01-12,12373.90039
2016-01-13,12170.40039
2016-01-14,12336
2016-01-15,12073.5
2016-01-18,11942.2002
2016-01-19,12002.2002
2016-01-20,11843.09961
2016-01-21,12035.90039
2016-01-22,12389.59961
2016-01-25,12143.2002
2016-01-26,12331.29981
2016-01-27,12377.79981
2016-01-28,12591.90039
2016-01-29,12822.09961
2016-02-01,12674.40039
2016-02-02,12442.29981
2016-02-03,12593
2016-02-04,12774.5
2016-02-05,12764
2016-02-08,12535.40039
2016-02-09,12282.7002
2016-02-10,12185.7002
2016-02-11,12087.40039
2016-02-12,12381.2002
2016-02-16,12555
2016-02-17,12867.2002
2016-02-18,12931.40039
2016-02-19,12813.40039
2016-02-22,12845.59961
2016-02-23,12763.40039
2016-02-24,12740.29981
2016-02-25,12753.59961
2016-02-26,12797.79981
2016-02-29,12860.40039
2016-03-01,12982.09961
2016-03-02,13017.90039
2016-03-03,13123.7002
2016-03-04,13212.5
2016-03-07,13383.59961
2016-03-08,13311.09961
2016-03-09,13392.90039
2016-03-10,13379.09961
2016-03-11,13522
2016-03-14,13477.5
2016-03-15,13400.29981
2016-03-16,13478.09961
2016-03-17,13621.29981
2016-03-18,13497.09961
2016-03-21,13561.09961
2016-03-22,13493.5
2016-03-23,13379.5
2016-03-24,13358.09961
2016-03-28,13390.2002
2016-03-29,13426.2002
2016-03-30,13504
2016-03-31,13494.40039
2016-04-01,13440.40039
2016-04-04,13336.2002
2016-04-05,13304.7002
2016-04-06,13347.5
2016-04-07,13266.40039
2016-04-08,13396.7002
2016-04-11,13422.79981
2016-04-12,13581.40039
2016-04-13,13671.40039
2016-04-14,13668.29981
2016-04-15,13637.2002
2016-04-18,13719.79981
2016-04-19,13867.29981
2016-04-20,13911.29981
2016-04-21,13881.2002
2016-04-22,13874
2016-04-25,13796
2016-04-26,13809.40039
2016-04-27,13887.7002
2016-04-28,13886.40039
2016-04-29,13951.5
2016-05-02,13865.59961
2016-05-03,13707.7002
2016-05-04,13632
2016-05-05,13632
2016-05-06,13701.5
2016-05-09,13563.79981
2016-05-10,13775.2002
2016-05-11,13788.2002
2016-05-12,13787.79981
2016-05-13,13748.59961
2016-05-16,13893.5
2016-05-17,13917.09961
2016-05-18,13826
2016-05-19,13817.29981
2016-05-20,13919.59961
2016-05-24,13952.90039
2016-05-25,14053.7002
2016-05-26,14049.2002
2016-05-27,14105.2002
2016-05-30,14086.7002
2016-05-31,14065.79981
2016-06-01,14063.5
2016-06-02,14137
2016-06-03,14226.79981
2016-06-06,14276.2002
2016-06-07,14365.59961
2016-06-08,14313.09961
2016-06-09,14240
2016-06-10,14037.5
2016-06-13,13993.90039
2016-06-14,13884.2002
2016-06-15,13923.5
2016-06-16,13882.40039
2016-06-17,13901.79981
2016-06-20,14015.09961
2016-06-21,14012.29981
2016-06-22,14003.79981
2016-06-23,14131.40039
2016-06-24,13891.90039
2016-06-27,13689.79981
2016-06-28,13842.7002
2016-06-29,14036.7002
2016-06-30,14064.5
2016-07-04,14258.90039
2016-07-05,14219.59961
2016-07-06,14231.09961
2016-07-07,14134.5
2016-07-08,14259.79981
2016-07-11,14361.90039
2016-07-12,14477.7002
2016-07-13,14493.79981
2016-07-14,14514.5
2016-07-15,14482.40039
2016-07-18,14532.40039
2016-07-19,14524.59961
2016-07-20,14533.59961
2016-07-21,14565.79981
2016-07-22,14600.7002
2016-07-25,14498.09961
2016-07-26,14550
2016-07-27,14546.5
2016-07-28,14552.7002
2016-07-29,14582.7002
2016-08-02,14477
2016-08-03,14512.09961
2016-08-04,14528.79981
2016-08-05,14648.79981
2016-08-08,14755.59961
2016-08-09,14801.2002
2016-08-10,14775
2016-08-11,14796.09961
2016-08-12,14747.5
2016-08-15,14777
2016-08-16,14703.40039
2016-08-17,14697.59961
2016-08-18,14695.7002
2016-08-19,14687.5
2016-08-22,14748.2002
2016-08-23,14764.79981
2016-08-24,14626.2002
2016-08-25,14630.7002
2016-08-26,14639.90039
2016-08-29,14682
2016-08-30,14684.90039
2016-08-31,14598
2016-09-01,14683.90039
2016-09-02,14795.7002
2016-09-06,14813
2016-09-07,14796.79981
2016-09-08,14803.29981
2016-09-09,14540
2016-09-12,14597.09961
2016-09-13,14349.09961
2016-09-14,14366.5
2016-09-15,14503.7002
2016-09-16,14450.7002
2016-09-19,14496.2002
2016-09-20,14522
2016-09-21,14710.79981
2016-09-22,14797.2002
2016-09-23,14697.90039
2016-09-26,14619.5
2016-09-27,14558
2016-09-28,14731.40039
2016-09-29,14754.59961
2016-09-30,14725.90039
2016-10-03,14689
2016-10-04,14521
2016-10-05,14610.59961
2016-10-06,14595.5
2016-10-07,14566.29981
2016-10-11,14549.59961
2016-10-12,14619
2016-10-13,14643.7002
2016-10-14,14585
2016-10-17,14596.5
2016-10-18,14752.29981
2016-10-19,14840.5
2016-10-20,14847.90039
2016-10-21,14939
2016-10-24,14923
2016-10-25,14870.59961
2016-10-26,14807.59961
2016-10-27,14833.79981
2016-10-28,14785.29981
2016-10-31,14787.29981
2016-11-01,14778.29981
2016-11-02,14594.7002
2016-11-03,14583.40039
2016-11-04,14509.29981
2016-11-07,14652.5
2016-11-08,14656.79981
2016-11-09,14759.90039
2016-11-10,14744.29981
2016-11-11,14555.40039
2016-11-14,14598.5
2016-11-15,14756.09961
2016-11-16,14733.2002
2016-11-17,14826.09961
2016-11-18,14864
2016-11-21,15039.90039
2016-11-22,15100.40039
2016-11-23,15080.90039
2016-11-24,15075.2002
2016-11-25,15075.40039
2016-11-28,15015.40039
2016-11-29,14999.79981
2016-11-30,15082.90039
2016-12-01,15027.5
2016-12-02,15052.5
2016-12-05,15095.2002
2016-12-06,15125.79981
2016-12-07,15237.79981
2016-12-08,15295.2002
2016-12-09,15312.2002
2016-12-12,15287.7002
2016-12-13,15385.29981
2016-12-14,15197.2002
2016-12-15,15218.29981
2016-12-16,15252.2002
2016-12-19,15269.90039
2016-12-20,15293
2016-12-21,15305.90039
2016-12-22,15335.2002
2016-12-23,15328.2002
2016-12-28,15361.09961
2016-12-29,15422.09961
2016-12-30,15287.59961
2017-01-03,15403
2017-01-04,15516.79981
2017-01-05,15586.59961
2017-01-06,15496.09961
2017-01-09,15389
2017-01-10,15426.29981
2017-01-11,15491.5
2017-01-12,15418.2002
2017-01-13,15497.29981
2017-01-16,15479.29981
2017-01-17,15441.40039
2017-01-18,15397.90039
2017-01-19,15409.79981
2017-01-20,15547.90039
2017-01-23,15480.09961
2017-01-24,15610.7002
2017-01-25,15643.79981
2017-01-26,15615.5
2017-01-27,15575.79981
2017-01-30,15405.09961
2017-01-31,15386
2017-02-01,15402.40039
2017-02-02,15399.09961
2017-02-03,15476.40039
2017-02-06,15456.90039
2017-02-07,15498.79981
2017-02-08,15554
2017-02-09,15617.29981
2017-02-10,15729.09961
2017-02-13,15756.59961
2017-02-14,15786
2017-02-15,15845
2017-02-16,15864.2002
2017-02-17,15838.59961
2017-02-21,15922.40039
2017-02-22,15830.2002
2017-02-23,15781.2002
2017-02-24,15533.5
2017-02-27,15463.5
2017-02-28,15399.2002
2017-03-01,15599.7002
2017-03-02,15536.7002
2017-03-03,15608.5
2017-03-06,15629.79981
2017-03-07,15608.79981
2017-03-08,15497
2017-03-09,15496.79981
2017-03-10,15506.7002
2017-03-13,15544.79981
2017-03-14,15379.59961
2017-03-15,15520.90039
2017-03-16,15562.40039
2017-03-17,15490.5
2017-03-20,15442.29981
2017-03-21,15313.09961
2017-03-22,15348.5
2017-03-23,15433.59961
2017-03-24,15442.7002
2017-03-27,15506.2002
2017-03-28,15598.59961
2017-03-29,15657.59961
2017-03-30,15578.79981
2017-03-31,15547.79981
2017-04-03,15584.40039
2017-04-04,15669.09961
2017-04-05,15643
2017-04-06,15697.2002
2017-04-07,15667.09961
2017-04-10,15730.79981
2017-04-11,15727.09961
2017-04-12,15648.40039
2017-04-13,15535.5
2017-04-17,15684.90039
2017-04-18,15622.59961
2017-04-19,15552.90039
2017-04-20,15625.59961
2017-04-21,15614.5
2017-04-24,15712.5
2017-04-25,15745.2002
2017-04-26,15649.5
2017-04-27,15506.5
2017-04-28,15586.09961
2017-05-01,15575.59961
2017-05-02,15619.7002
2017-05-03,15543.09961
2017-05-04,15396.7002
2017-05-05,15582
2017-05-08,15652.09961
2017-05-09,15569.2002
2017-05-10,15633.2002
2017-05-11,15550.59961
2017-05-12,15537.90039
2017-05-15,15629.5
2017-05-16,15543.29981
2017-05-17,15273.7002
2017-05-18,15277.2002
2017-05-19,15458.5
2017-05-23,15476.90039
2017-05-24,15419.5
2017-05-25,15410.7002
2017-05-26,15416.90039
2017-05-29,15421.90039
2017-05-30,15372.40039
2017-05-31,15349.90039
2017-06-01,15469.90039
2017-06-02,15442.79981
2017-06-05,15409.79981
2017-06-06,15464.59961
2017-06-07,15372.09961
2017-06-08,15423.09961
2017-06-09,15473.2002
2017-06-12,15383.79981
2017-06-13,15379.79981
2017-06-14,15170.09961
2017-06-15,15160.40039
2017-06-16,15192.5
2017-06-19,15266
2017-06-20,15149.59961
2017-06-21,15148.5
2017-06-22,15219.90039
2017-06-23,15319.59961
2017-06-26,15316
2017-06-27,15281.2002
2017-06-28,15355.59961
2017-06-29,15213.40039
2017-06-30,15182.2002
2017-07-04,15130.59961
2017-07-05,15153.09961
2017-07-06,15078
2017-07-07,15027.2002
2017-07-10,15105.29981
2017-07-11,15149.09961
2017-07-12,15144
2017-07-13,15135
2017-07-14,15174.79981
2017-07-17,15165.40039
2017-07-18,15149.59961
2017-07-19,15244.7002
2017-07-20,15264.59961
2017-07-21,15183.09961
2017-07-24,15128.7002
2017-07-25,15202.40039
2017-07-26,15171.40039
2017-07-27,15191.40039
2017-07-28,15128.7002
2017-07-31,15143.90039
2017-08-01,15202.09961
2017-08-02,15265.59961
2017-08-03,15192
2017-08-04,15258
2017-08-08,15256.40039
2017-08-09,15217.29981
2017-08-10,15074.29981
2017-08-11,15033.40039
2017-08-14,15119.90039
2017-08-15,15097.79981
2017-08-16,15082.2002
2017-08-17,15033.59961
2017-08-18,14952.29981
2017-08-21,14951.90039
2017-08-22,14985
2017-08-23,15063.2002
2017-08-24,15076.2002
2017-08-25,15056
2017-08-28,15052
2017-08-29,15082.7002
2017-08-30,15133.09961
2017-08-31,15211.90039
2017-09-01,15191.59961
2017-09-05,15090.2002
2017-09-06,15059.79981
2017-09-07,15024.5
2017-09-08,14985.29981
2017-09-11,15040.29981
2017-09-12,15143.40039
2017-09-13,15126.79981
2017-09-14,15172.7002
2017-09-15,15173
2017-09-18,15236.7002
2017-09-19,15293
2017-09-20,15389.59961
2017-09-21,15454.90039
2017-09-22,15454.2002
2017-09-25,15516.2002
2017-09-26,15474.09961
2017-09-27,15609.7002
2017-09-28,15618.29981
2017-09-29,15634.90039
2017-10-02,15705
2017-10-03,15728.5
2017-10-04,15721
2017-10-05,15776.29981
2017-10-06,15728.29981
2017-10-10,15770.40039
2017-10-11,15800.40039
2017-10-12,15742.2002
2017-10-13,15807.2002
2017-10-16,15802.7002
2017-10-17,15816.90039
2017-10-18,15782.2002
2017-10-19,15818
2017-10-20,15857.2002
2017-10-23,15855.79981
2017-10-24,15905.09961
2017-10-25,15854.79981
2017-10-26,15891.59961
2017-10-27,15953.5
2017-10-30,16002.79981
2017-10-31,16025.59961
2017-11-01,16029.29981
2017-11-02,16015
2017-11-03,16020.2002
2017-11-06,16092.2002
2017-11-07,16131.79981
2017-11-08,16105.40039
2017-11-09,16082.09961
2017-11-10,16039.29981
2017-11-13,16026.29981
2017-11-14,15913.09961
2017-11-15,15878.5
2017-11-16,15935.40039
2017-11-17,15998.59961
2017-11-20,16004.40039
2017-11-21,16076.7002
2017-11-22,16073.59961
2017-11-23,16074.29981
2017-11-24,16108.09961
2017-11-27,16042.09961
2017-11-28,16029.59961
2017-11-29,15967.7002
2017-11-30,16067.5
2017-12-01,16039
2017-12-04,15969
2017-12-05,15915.7002
2017-12-06,15908.79981
2017-12-07,16015.7002
2017-12-08,16096.09961
2017-12-11,16103.5
2017-12-12,16114
2017-12-13,16136.59961
2017-12-14,16016.5
2017-12-15,16042
2017-12-18,16131.59961
2017-12-19,16133.40039
2017-12-20,16159.7002
2017-12-21,16182.59961
2017-12-22,16165.29981
2017-12-27,16203.09961
2017-12-28,16222
2017-12-29,16209.09961
2018-01-02,16310
2018-01-03,16371.59961
2018-01-04,16412.90039
2018-01-05,16349.40039
2018-01-08,16317.7002
2018-01-09,16319.2002
2018-01-10,16248
2018-01-11,16286.90039
2018-01-12,16308.2002
2018-01-15,16371.79981
2018-01-16,16298.90039
2018-01-17,16326.7002
2018-01-18,16284.5
2018-01-19,16353.5
2018-01-22,16348
2018-01-23,16357.59961
2018-01-24,16284.2002
2018-01-25,16204
2018-01-26,16239.2002
2018-01-29,16094.7002
2018-01-30,15955.5
2018-01-31,15951.7002
2018-02-01,15860.90039
2018-02-02,15606
2018-02-05,15334.79981
2018-02-06,15363.90039
2018-02-07,15330.59961
2018-02-08,15065.59961
2018-02-09,15034.5
2018-02-12,15241.90039
2018-02-13,15216.5
2018-02-14,15328.29981
2018-02-15,15407.7002
2018-02-16,15452.59961
2018-02-20,15439.40039
2018-02-21,15524
2018-02-22,15508.2002
2018-02-23,15638.5
2018-02-26,15714.7002
2018-02-27,15671.2002
2018-02-28,15442.7002
2018-03-01,15394
2018-03-02,15384.59961
2018-03-05,15541.29981
2018-03-06,15545.2002
2018-03-07,15472.59961
2018-03-08,15538.7002
2018-03-09,15577.79981
2018-03-12,15604.79981
2018-03-13,15647.09961
2018-03-14,15653.59961
2018-03-15,15670.59961
2018-03-16,15711.29981
2018-03-19,15589.40039
2018-03-20,15616.40039
2018-03-21,15675.29981
2018-03-22,15399.90039
2018-03-23,15223.7002
2018-03-26,15298.59961
2018-03-27,15216.2002
2018-03-28,15169.90039
2018-03-29,15367.29981
2018-04-02,15213.5
2018-04-03,15180.79981
2018-04-04,15164.40039
2018-04-05,15356.09961
2018-04-06,15207.40039
2018-04-09,15227.7002
2018-04-10,15262.09961
2018-04-11,15257.90039
2018-04-12,15269.29981
2018-04-13,15274
2018-04-16,15300.40039
2018-04-17,15353.29981
2018-04-18,15530
2018-04-19,15454.40039
2018-04-20,15484.29981
2018-04-23,15552.09961
2018-04-24,15477
2018-04-25,15509.79981
2018-04-26,15637.59961
2018-04-27,15668.90039
2018-04-30,15607.90039
2018-05-01,15618.90039
2018-05-02,15627.90039
2018-05-03,15621.5
2018-05-04,15729.40039
2018-05-07,15808.59961
2018-05-08,15842.7002
2018-05-09,15910.79981
2018-05-10,15959.5
2018-05-11,15983.29981
2018-05-14,16085.59961
2018-05-15,16097.79981
2018-05-16,16108.09961
2018-05-17,16143.59961
2018-05-18,16162.29981
2018-05-22,16144.79981
2018-05-23,16133.79981
2018-05-24,16113.59961
2018-05-25,16075.7002
2018-05-28,16016.09961
2018-05-29,15922.59961
2018-05-30,16048.7002
2018-05-31,16061.5
2018-06-01,16043.5
2018-06-04,16052.2002
2018-06-05,16122.29981
2018-06-06,16183.90039
2018-06-07,16192.79981
2018-06-08,16202.7002
2018-06-11,16263.29981
2018-06-12,16289
2018-06-13,16265.79981
2018-06-14,16329
2018-06-15,16314.40039
2018-06-18,16383.59961
2018-06-19,16316.5
2018-06-20,16421
2018-06-21,16335.2002
2018-06-22,16450.09961
2018-06-25,16184
2018-06-26,16280.09961
2018-06-27,16231.29981
2018-06-28,16179.90039
2018-06-29,16277.7002
2018-07-03,16263.2002
2018-07-04,16304.7002
2018-07-05,16266.59961
2018-07-06,16371.79981
2018-07-09,16452.30078
2018-07-10,16548.69922
2018-07-11,16417.30078
2018-07-12,16567.40039
2018-07-13,16561.09961
2018-07-16,16494.69922
2018-07-17,16519.19922
2018-07-18,16477.40039
2018-07-19,16543
2018-07-20,16435.5
2018-07-23,16420.80078
2018-07-24,16390.09961
2018-07-25,16420.80078
2018-07-26,16455.69922
2018-07-27,16394
2018-07-30,16345.5
2018-07-31,16434
2018-08-01,16376.79981
2018-08-02,16409.19922
2018-08-03,16420.19922
2018-08-07,16286.29981
2018-08-08,16315.09961
2018-08-09,16417
2018-08-10,16326.5
2018-08-13,16250.79981
2018-08-14,16330.7002
2018-08-15,16148.5
2018-08-16,16225.7002
2018-08-17,16323.7002
2018-08-20,16331
2018-08-21,16297
2018-08-22,16347.29981
2018-08-23,16326.79981
2018-08-24,16356.09961
2018-08-27,16444.40039
2018-08-28,16355.5
2018-08-29,16390.30078
2018-08-30,16371.59961
2018-08-31,16262.90039
2018-09-04,16161.29981
2018-09-05,16137.59961
2018-09-06,16100.90039
2018-09-07,16090.29981
2018-09-10,16057.09961
2018-09-11,16094.29981
2018-09-12,16049
2018-09-13,16001.7002
2018-09-14,16013.5
2018-09-17,16082.29981
2018-09-18,16196
2018-09-19,16149.90039
2018-09-20,16214.79981
2018-09-21,16224.09961
2018-09-24,16207.29981
2018-09-25,16159.5
2018-09-26,16169.29981
2018-09-27,16204.59961
2018-09-28,16073.09961
2018-10-01,16104.40039
2018-10-02,16017.2002
2018-10-03,16072.09961
2018-10-04,16006.7002
2018-10-05,15946.2002
2018-10-09,15854.09961
2018-10-10,15517.40039
2018-10-11,15317.09961
2018-10-12,15414.29981
2018-10-15,15409.5
2018-10-16,15579.7002
2018-10-17,15529.90039
2018-10-18,15404.09961
2018-10-19,15470.09961
2018-10-22,15412.7002
2018-10-23,15285.2002
2018-10-24,14909.09961
2018-10-25,14924.09961
2018-10-26,14888.29981
2018-10-29,14721.79981
2018-10-30,14894.5
2018-10-31,15027.29981
2018-11-01,15150.2002
2018-11-02,15119.29981
2018-11-05,15217.7002
2018-11-06,15292.7002
2018-11-07,15369.40039
2018-11-08,15357.5
2018-11-09,15274.40039
2018-11-12,15156.40039
2018-11-13,15131.79981
2018-11-14,15133.09961
2018-11-15,15144.90039
2018-11-16,15155.5
2018-11-19,15071
2018-11-20,14877
2018-11-21,15095
2018-11-22,15091.59961
2018-11-23,15010.7002
2018-11-26,15012.7002
2018-11-27,14944.09961
2018-11-28,15171.29981
2018-11-29,15194
2018-11-30,15197.79981
2018-12-03,15275
2018-12-04,15063.59961
2018-12-05,15182.59961
2018-12-06,14937
2018-12-07,14795.09961
2018-12-10,14728.29981
2018-12-11,14667.79981
2018-12-12,14783.09961
2018-12-13,14750.40039
2018-12-14,14595.09961
2018-12-17,14362.7002
2018-12-18,14416.90039
2018-12-19,14264.09961
2018-12-20,14141.79981
2018-12-21,13935.40039
2018-12-24,13780.2002
2018-12-27,14165.2002
2018-12-28,14222
2018-12-31,14322.90039
2019-01-02,14347.2002
2019-01-03,14212.79981
2019-01-04,14426.59961
2019-01-07,14504.09961
2019-01-08,14605.2002
2019-01-09,14804.7002
2019-01-10,14903.5
2019-01-11,14939.2002
2019-01-14,14975.5
2019-01-15,15046.29981
2019-01-16,15111.29981
2019-01-17,15211.2002
2019-01-18,15303.79981
2019-01-21,15354.2002
2019-01-22,15233.79981
2019-01-23,15208.29981
2019-01-24,15280.79981
2019-01-25,15366.09961
2019-01-28,15378.59961
2019-01-29,15463.09961
2019-01-30,15484.59961
2019-01-31,15540.59961
2019-02-01,15506.29981
2019-02-04,15602.29981
2019-02-05,15702.7002
2019-02-06,15712.29981
2019-02-07,15703.40039
2019-02-08,15633.29981
2019-02-11,15568.90039
2019-02-12,15642.09961
2019-02-13,15626.7002
2019-02-14,15696
2019-02-15,15838.2002
2019-02-19,15937.40039
2019-02-20,16031.2002
2019-02-21,16000.90039
2019-02-22,16013
2019-02-25,16057
2019-02-26,16067.90039
2019-02-27,16074.29981
2019-02-28,15999
2019-03-01,16068.29981
2019-03-04,16038.09961
2019-03-05,16086.5
2019-03-06,16092.09961
2019-03-07,16056.5
2019-03-08,15996.2002
2019-03-11,16106.2002
2019-03-12,16136.7002
2019-03-13,16150
2019-03-14,16087.59961
2019-03-15,16140.40039
2019-03-18,16251.40039
2019-03-19,16188.09961
2019-03-20,16167.59961
2019-03-21,16244.59961
2019-03-22,16089.29981
2019-03-25,16065.90039
2019-03-26,16155.2002
2019-03-27,16132.5
2019-03-28,16155.5
2019-03-29,16102.09961
2019-04-01,16228.09961
2019-04-02,16263.90039
2019-04-03,16279.90039
2019-04-04,16311.59961
2019-04-05,16396.19922
2019-04-08,16407.30078
2019-04-09,16336.5
2019-04-10,16396.30078
2019-04-11,16399.5
2019-04-12,16480.5
2019-04-15,16515.5
2019-04-16,16502.19922
2019-04-17,16544.19922
2019-04-18,16612.80078
2019-04-22,16577.30078
2019-04-23,16669.40039
2019-04-24,16586.5
2019-04-25,16576.09961
2019-04-26,16613.5
2019-04-29,16600.40039
2019-04-30,16580.69922
2019-05-01,16502.80078
2019-05-02,16410.90039
2019-05-03,16494.40039
2019-05-06,16493.5
2019-05-07,16357.79981
2019-05-08,16397.40039
2019-05-09,16321.79981
2019-05-10,16297.59961
2019-05-13,16193.40039
2019-05-14,16284.5
2019-05-15,16318.09961
2019-05-16,16443.90039
2019-05-17,16401.80078
2019-05-21,16426.5
2019-05-22,16327.40039
2019-05-23,16164.59961
2019-05-24,16230
2019-05-27,16346.7002
2019-05-28,16297.5
2019-05-29,16131.5
2019-05-30,16089.2002
2019-05-31,16037.5
2019-06-03,16015.90039
2019-06-04,16166.2002
2019-06-05,16212.7002
2019-06-06,16227.79981
2019-06-07,16231
2019-06-10,16216.29981
2019-06-11,16248.79981
2019-06-12,16227.2002
2019-06-13,16239.29981
2019-06-14,16301.90039
2019-06-17,16353.5
2019-06-18,16503.40039
2019-06-19,16511.80078
2019-06-20,16574.80078
2019-06-21,16525.40039
2019-06-24,16523.5
2019-06-25,16371.29981
2019-06-26,16312.2002
2019-06-27,16307.7002
2019-06-28,16382.2002
2019-07-02,16471.30078
2019-07-03,16576.19922
2019-07-04,16588.90039
2019-07-05,16542
2019-07-08,16463
2019-07-09,16545.19922
2019-07-10,16563.30078
2019-07-11,16527.90039
2019-07-12,16488.09961
2019-07-15,16510.80078
2019-07-16,16502.40039
2019-07-17,16484.19922
2019-07-18,16494.19922
2019-07-19,16485.90039
2019-07-22,16518.90039
2019-07-23,16572.69922
2019-07-24,16611.80078
2019-07-25,16488.19922
2019-07-26,16531
2019-07-29,16492.19922
2019-07-30,16466.09961
2019-07-31,16406.59961
2019-08-01,16377
2019-08-02,16271.7002
2019-08-06,16149.5
2019-08-07,16265.2002
2019-08-08,16404.5
2019-08-09,16341.29981
2019-08-12,16237.79981
2019-08-13,16350.79981
2019-08-14,16045.90039
2019-08-15,16012.5
2019-08-16,16149.79981
2019-08-19,16304.09961
2019-08-20,16213.29981
2019-08-21,16309.2002
2019-08-22,16253.5
2019-08-23,16037.59961
2019-08-26,16098.79981
2019-08-27,16183.59961
2019-08-28,16271.7002
2019-08-29,16384.5
2019-08-30,16442.09961
2019-09-03,16399.19922
2019-09-04,16448.80078
2019-09-05,16574.80078
2019-09-06,16535.30078
2019-09-09,16495.09961
2019-09-10,16537.30078
2019-09-11,16611.09961
2019-09-12,16643.30078
2019-09-13,16682.40039
2019-09-16,16751.30078
2019-09-17,16834.80078
2019-09-18,16800.30078
2019-09-19,16858.40039
2019-09-20,16899.69922
2019-09-23,16867.19922
2019-09-24,16798.30078
2019-09-25,16784.30078
2019-09-26,16790.40039
2019-09-27,16694.30078
2019-09-30,16658.59961
2019-10-01,16447.69922
2019-10-02,16311
2019-10-03,16369
2019-10-04,16449.40039
2019-10-07,16421.80078
2019-10-08,16294
2019-10-09,16379.90039
2019-10-10,16422.69922
2019-10-11,16415.19922
2019-10-15,16418.40039
2019-10-16,16427.19922
2019-10-17,16426.30078
2019-10-18,16377.09961
2019-10-21,16418.5
2019-10-22,16391.5
2019-10-23,16335.90039
2019-10-24,16369.29981
2019-10-25,16404.5
2019-10-28,16387.5
2019-10-29,16418.09961
2019-10-30,16501.40039
2019-10-31,16483.19922
2019-11-01,16594.09961
2019-11-04,16669.80078
2019-11-05,16681.90039
2019-11-06,16745.59961
2019-11-07,16805.80078
2019-11-08,16877.40039
2019-11-11,16882.80078
2019-11-12,16909.40039
2019-11-13,16958
2019-11-14,16972.19922
2019-11-15,17028.5
2019-11-18,17025.09961
2019-11-19,17011.40039
2019-11-20,17005.80078
2019-11-21,16999.19922
2019-11-22,16954.80078
2019-11-25,17032.90039
2019-11-26,17035.90039
2019-11-27,17100.59961
2019-11-28,17114.5
2019-11-29,17040.19922
2019-12-02,16981.5
2019-12-03,16892.19922
2019-12-04,16897.30078
2019-12-05,16854.90039
2019-12-06,16997
2019-12-09,16950.90039
2019-12-10,16950.69922
2019-12-11,16939.59961
2019-12-12,16946.90039
2019-12-13,17003.09961
2019-12-16,17056.40039
2019-12-17,17075.19922
2019-12-18,17032
2019-12-19,17064
2019-12-20,17118.40039
2019-12-23,17128.69922
2019-12-24,17180.19922
2019-12-27,17168.19922
2019-12-30,17098.59961
2019-12-31,17063.40039
